{"stats":{"minecraft:picked_up":{"minecraft:oak_log":1},"minecraft:used":{"minecraft:oak_log":1,"minecraft:stone":2,"minecraft:grass_block":3},"minecraft:custom":{"minecraft:jump":63,"minecraft:deaths":1,"minecraft:time_since_rest":15283,"minecraft:damage_dealt":20,"minecraft:damage_taken":30,"minecraft:play_time":20187,"minecraft:crouch_one_cm":41,"minecraft:leave_game":1,"minecraft:sprint_one_cm":3459,"minecraft:time_since_death":15255,"minecraft:walk_one_cm":4531,"minecraft:sneak_time":72,"minecraft:total_world_time":20187,"minecraft:fall_one_cm":569,"minecraft:fly_one_cm":63661},"minecraft:mined":{"minecraft:oak_log":1,"minecraft:oak_leaves":3}},"DataVersion":3955}