{"stats":{"minecraft:custom":{"minecraft:time_since_rest":5962,"minecraft:crouch_one_cm":432,"minecraft:play_time":5962,"minecraft:sprint_one_cm":7437,"minecraft:damage_taken":65,"minecraft:walk_one_cm":5441,"minecraft:sneak_time":253,"minecraft:walk_under_water_one_cm":764,"minecraft:mob_kills":3,"minecraft:jump":57,"minecraft:damage_dealt":240,"minecraft:time_since_death":5962,"minecraft:walk_on_water_one_cm":610,"minecraft:total_world_time":5962,"minecraft:swim_one_cm":1951,"minecraft:interact_with_crafting_table":1,"minecraft:fall_one_cm":1320,"minecraft:fly_one_cm":7185},"minecraft:mined":{"minecraft:short_grass":1,"minecraft:grass_block":1,"minecraft:birch_log":12,"minecraft:birch_leaves":2,"minecraft:sugar_cane":2,"minecraft:crafting_table":1},"minecraft:picked_up":{"minecraft:birch_log":12,"minecraft:crafting_table":1,"minecraft:sugar_cane":3,"minecraft:dirt":1,"minecraft:mutton":5,"minecraft:white_wool":3},"minecraft:killed":{"minecraft:sheep":3},"minecraft:crafted":{"minecraft:birch_planks":12,"minecraft:crafting_table":1,"minecraft:stick":4,"minecraft:wooden_axe":1},"minecraft:used":{"minecraft:wooden_axe":6,"minecraft:dirt":1,"minecraft:crafting_table":1}},"DataVersion":3955}