{"stats":{"minecraft:custom":{"minecraft:time_since_rest":5968,"minecraft:crouch_one_cm":415,"minecraft:play_time":5968,"minecraft:sprint_one_cm":23519,"minecraft:damage_taken":40,"minecraft:walk_one_cm":6100,"minecraft:sneak_time":53,"minecraft:walk_under_water_one_cm":92,"minecraft:jump":143,"minecraft:walk_on_water_one_cm":306,"minecraft:time_since_death":5968,"minecraft:total_world_time":5968,"minecraft:swim_one_cm":1692,"minecraft:fall_one_cm":4052,"minecraft:interact_with_crafting_table":1,"minecraft:fly_one_cm":32509},"minecraft:mined":{"minecraft:short_grass":1,"minecraft:birch_log":13,"minecraft:crafting_table":1},"minecraft:picked_up":{"minecraft:birch_log":12,"minecraft:crafting_table":1,"minecraft:wheat_seeds":1,"minecraft:birch_sapling":1},"minecraft:crafted":{"minecraft:birch_planks":20,"minecraft:crafting_table":1,"minecraft:stick":4,"minecraft:wooden_pickaxe":1,"minecraft:wooden_axe":1},"minecraft:used":{"minecraft:wooden_axe":9,"minecraft:crafting_table":1}},"DataVersion":3955}